frame,type,left,reference,left_label,reference_label,iou
adasind_001320.jpg,mismatching_attributes,3,3,ThreeWheeler,ThreeWheeler,0.945
adasind_001320.jpg,mismatching_attributes,1,4,Pedestrian,Pedestrian,0.915
adasind_001320.jpg,mismatching_attributes,7,6,ThreeWheeler,ThreeWheeler,0.868
adasind_014670.jpg,mismatching_attributes,6,1,Car,Car,0.964
adasind_014670.jpg,mismatching_label,1,5,Bus,Truck,0.733
adasind_014670.jpg,extra_annotation,2,,ThreeWheeler,,N/A
adasind_034080.jpg,mismatching_attributes,8,3,Pedestrian,Pedestrian,0.903
adasind_034080.jpg,mismatching_attributes,2,8,Bike,Bike,0.780
adasind_034080.jpg,mismatching_attributes,5,2,Car,Car,0.524
adasind_034080.jpg,missing_annotation,,9,,ThreeWheeler,N/A
